name,image
Panos Artemiadis,Artemiadis_Panagiotis_7241b-e1396221008297.jpg
Panagiotis (Panos) Polygerinos,Polygerinos_Panagiotis_5930bb-200x300.jpg
Hamid Marvi,MarviEdit-225x300.png
Hyunglae Lee,HyunglaeLee_w-200x300-200x300.jpg
Thurmon Lockhart,Lockhart_Thurmon_3108_w-200x300-200x300.jpg
Wenlong Zhang,wenlong_zhang-240x300-200x300.jpg
Pauline Davies,asu_placeholder-200x300.jpg
Spring Berman,Berman_Spring_0741b-e1396221240386.jpg
Heni Ben Amor,BenAmor_Hani_400x533.jpg
Yi (Max),asu_placeholder-200x300.jpg
Christopher Buneo,buneo_w-200x300-200x300.jpg
Yu,asu_placeholder-200x300.jpg
Theodore (Ted) Pavlic,Pavlic_Ted_2848b-200x300.jpg
Yu,asu_placeholder-200x300.jpg
Georgios Fainekos,Georgios_Fainekos-02b-200x300.jpg
Thomas Sugar,Sugar_Thomas_1099b.jpg
Daniel Aukes,Aukes_Daniel_1208_w.jpg
Yinong Chen,yinongchen-200x300-200x300.jpg
Yezhou Yang,asu_placeholder-200x300.jpg
Thurmon Lockhart,Lockhart_Thurmon_3108_w-200x300-200x300.jpg
