name,image
Christopher Buneo,buneo_w-200x300-200x300.jpg
Daniel Aukes,Aukes_Daniel_1208_w.jpg
Georgios Fainekos,Georgios_Fainekos-09w.jpg
Hamid Marvi,MarviHamid-RK-14612-sm.jpg
Heni Ben Amor,BenAmor_Hani_400x533.jpg
Hyunglae Lee,LeeHyunglae-RK-14573-sm.jpg
Panagiotis (Panos) Polygerinos,panos.jpg
Panos Artemiadis,Artemiadis_Panagiotis_7241b-e1396221008297.jpg
Pauline Davies,pauline_davies.jpg
Spring Berman,Berman_Spring_0741b-e1396221240386.jpg
Theodore (Ted) Pavlic,Pavlic_Ted_2848b1.jpg
Thomas Sugar,Sugar_Thomas_1099b.jpg
Thurmon Lockhart,Lockhart_Thurmon_3108c-lock.jpg
Wenlong Zhang,Wenlong_Zhang_1295b.jpg
Yezhou Yang,yezhou yang.jpg
Yi (Max) Ren,Ren_Yi_2015.jpg
Yinong Chen,yinong09.jpg
Yu(Tony) Zhang,Zhang_Yu_004w.jpg
Aviral Shrivastava,aviralshrivastava-featured.jpg
